category_id,category_name,parent_category_id
1,Ropa,
2,Calzado,
3,Accesorios,
4,Electrónica,
5,Camperas,1
6,Remeras,1
7,Pantalones,1
8,Zapatillas,2
9,Botas,2
10,Mochilas,3
11,Gorras,3
12,Wearables,4
