product_id,sku,product_name,brand,category_id,unit_price,unit_cost,active_from,active_to,created_at,category_name,parent_category_name,product_key
1,SKU-00001,Andina Remeras 001,Andina,6,112524.82,68777.76,2025-02-05,,2025-02-05 03:43:54,Remeras,Ropa,1
2,SKU-00002,Lago Remeras 002,Lago,6,9608.49,5509.74,2025-03-01,,2025-03-01 18:23:57,Remeras,Ropa,2
3,SKU-00003,Lago Zapatillas 003,Lago,8,36963.89,25775.53,2025-07-27,,2025-07-27 00:14:11,Zapatillas,Calzado,3
4,SKU-00004,Lago Pantalones 004,Lago,7,54336.32,31997.02,2025-07-15,,2025-07-15 12:15:18,Pantalones,Ropa,4
5,SKU-00005,Pampa Gorras 005,Pampa,11,57052.01,36284.45,2025-03-09,,2025-03-09 01:34:55,Gorras,Accesorios,5
6,SKU-00006,Lago Remeras 006,Lago,6,16426.03,10238.25,2025-06-10,2025-08-11,2025-06-10 22:31:10,Remeras,Ropa,6
7,SKU-00007,Pampa Zapatillas 007,Pampa,8,11644.54,7067.94,2025-03-16,2025-04-25,2025-03-16 02:54:18,Zapatillas,Calzado,7
8,SKU-00008,Cordillera Botas 008,Cordillera,9,97174.24,62308.91,2025-04-05,,2025-04-05 12:56:06,Botas,Calzado,8
9,SKU-00009,Pampa Botas 009,Pampa,9,93324.0,55321.03,2025-07-06,,2025-07-06 08:54:47,Botas,Calzado,9
10,SKU-00010,Estilo Gorras 010,Estilo,11,148480.89,105421.42,2025-05-23,,2025-05-23 07:59:45,Gorras,Accesorios,10
11,SKU-00011,Norte Camperas 011,Norte,5,124161.38,93277.66,2025-04-13,,2025-04-13 09:44:53,Camperas,Ropa,11
12,SKU-00012,Norte Mochilas 012,Norte,10,100038.61,64915.85,2025-06-14,,2025-06-14 16:42:22,Mochilas,Accesorios,12
13,SKU-00013,Norte Pantalones 013,Norte,7,113023.4,77392.13,2025-07-11,,2025-07-11 21:17:02,Pantalones,Ropa,13
14,SKU-00014,Río Gorras 014,Río,11,36801.51,29418.55,2025-05-11,,2025-05-11 17:58:06,Gorras,Accesorios,14
15,SKU-00015,Pampa Camperas 015,Pampa,5,27161.99,16025.45,2025-06-24,,2025-06-24 15:22:13,Camperas,Ropa,15
16,SKU-00016,Lago Gorras 016,Lago,11,91403.82,60967.49,2025-03-06,2025-03-24,2025-03-06 20:08:32,Gorras,Accesorios,16
17,SKU-00017,Río Botas 017,Río,9,21175.07,13947.83,2025-04-27,2025-08-12,2025-04-27 00:07:05,Botas,Calzado,17
18,SKU-00018,Pampa Pantalones 018,Pampa,7,131225.19,81964.72,2025-06-13,,2025-06-13 18:29:00,Pantalones,Ropa,18
19,SKU-00019,Río Pantalones 019,Río,7,115564.07,79143.44,2025-07-19,2025-08-23,2025-07-19 19:18:34,Pantalones,Ropa,19
20,SKU-00020,Andina Wearables 020,Andina,12,21220.82,13597.14,2025-08-01,,2025-08-01 11:11:46,Wearables,Electrónica,20
21,SKU-00021,Pampa Zapatillas 021,Pampa,8,17419.75,11697.32,2025-01-18,,2025-01-18 19:23:42,Zapatillas,Calzado,21
22,SKU-00022,Cordillera Pantalones 022,Cordillera,7,142293.06,84135.29,2025-05-16,,2025-05-16 22:05:07,Pantalones,Ropa,22
23,SKU-00023,Norte Zapatillas 023,Norte,8,108377.6,70418.14,2025-06-21,,2025-06-21 23:39:40,Zapatillas,Calzado,23
24,SKU-00024,Pampa Wearables 024,Pampa,12,40946.31,23175.88,2025-01-06,,2025-01-06 21:25:10,Wearables,Electrónica,24
25,SKU-00025,Andina Zapatillas 025,Andina,8,15294.0,10824.72,2025-02-28,2025-06-07,2025-02-28 02:27:14,Zapatillas,Calzado,25
26,SKU-00026,Estilo Zapatillas 026,Estilo,8,102001.78,61564.11,2025-02-03,,2025-02-03 20:47:27,Zapatillas,Calzado,26
27,SKU-00027,Cordillera Zapatillas 027,Cordillera,8,122087.06,72959.53,2025-01-25,,2025-01-25 23:59:34,Zapatillas,Calzado,27
28,SKU-00028,Lago Gorras 028,Lago,11,72718.58,53249.56,2025-06-22,2025-07-14,2025-06-22 23:47:29,Gorras,Accesorios,28
29,SKU-00029,Río Gorras 029,Río,11,121085.91,69904.99,2025-02-19,,2025-02-19 06:55:31,Gorras,Accesorios,29
30,SKU-00030,Lago Pantalones 030,Lago,7,31605.77,21038.6,2025-01-20,2025-06-24,2025-01-20 16:08:02,Pantalones,Ropa,30
31,SKU-00031,Andina Camperas 031,Andina,5,145504.46,113725.08,2025-03-02,,2025-03-02 06:03:18,Camperas,Ropa,31
32,SKU-00032,Norte Wearables 032,Norte,12,130374.31,101119.71,2025-02-12,,2025-02-12 13:47:52,Wearables,Electrónica,32
33,SKU-00033,Estilo Gorras 033,Estilo,11,139345.12,103990.8,2025-03-15,,2025-03-15 15:24:04,Gorras,Accesorios,33
34,SKU-00034,Sur Wearables 034,Sur,12,32535.19,19665.09,2025-01-15,,2025-01-15 21:05:14,Wearables,Electrónica,34
35,SKU-00035,Río Camperas 035,Río,5,13288.96,9249.71,2025-05-09,,2025-05-09 19:20:15,Camperas,Ropa,35
36,SKU-00036,Sur Remeras 036,Sur,6,14935.59,8468.34,2025-03-02,,2025-03-02 14:42:03,Remeras,Ropa,36
37,SKU-00037,Andina Zapatillas 037,Andina,8,94810.32,62082.39,2025-05-30,,2025-05-30 20:34:45,Zapatillas,Calzado,37
38,SKU-00038,Norte Botas 038,Norte,9,102110.27,64181.0,2025-03-09,,2025-03-09 14:24:36,Botas,Calzado,38
39,SKU-00039,Cordillera Botas 039,Cordillera,9,50845.69,37522.4,2025-01-19,,2025-01-19 00:20:20,Botas,Calzado,39
40,SKU-00040,Pampa Remeras 040,Pampa,6,82956.99,56118.01,2025-02-03,2025-04-22,2025-02-03 12:42:25,Remeras,Ropa,40
41,SKU-00041,Sur Botas 041,Sur,9,68536.76,47002.82,2025-03-19,2025-08-16,2025-03-19 22:16:13,Botas,Calzado,41
42,SKU-00042,Pampa Botas 042,Pampa,9,141144.85,82368.29,2025-01-30,,2025-01-30 03:53:49,Botas,Calzado,42
43,SKU-00043,Estilo Pantalones 043,Estilo,7,45854.66,27634.65,2025-03-29,,2025-03-29 07:24:45,Pantalones,Ropa,43
44,SKU-00044,Cordillera Botas 044,Cordillera,9,41412.58,32179.22,2025-01-14,,2025-01-14 03:21:37,Botas,Calzado,44
45,SKU-00045,Andina Botas 045,Andina,9,5514.12,4095.78,2025-06-13,,2025-06-13 09:32:15,Botas,Calzado,45
46,SKU-00046,Lago Wearables 046,Lago,12,86331.5,49896.88,2025-06-26,,2025-06-26 05:25:36,Wearables,Electrónica,46
47,SKU-00047,Sur Mochilas 047,Sur,10,67319.07,37729.46,2025-04-04,2025-06-11,2025-04-04 01:27:09,Mochilas,Accesorios,47
48,SKU-00048,Río Remeras 048,Río,6,118116.86,91072.07,2025-04-15,,2025-04-15 22:35:51,Remeras,Ropa,48
49,SKU-00049,Sur Zapatillas 049,Sur,8,146549.87,110307.05,2025-04-16,,2025-04-16 00:54:08,Zapatillas,Calzado,49
50,SKU-00050,Lago Mochilas 050,Lago,10,121324.1,92936.2,2025-07-27,,2025-07-27 09:02:07,Mochilas,Accesorios,50
51,SKU-00051,Lago Remeras 051,Lago,6,131464.18,100523.87,2025-02-26,2025-07-08,2025-02-26 07:15:58,Remeras,Ropa,51
52,SKU-00052,Norte Botas 052,Norte,9,37323.91,26686.91,2025-04-13,,2025-04-13 11:57:05,Botas,Calzado,52
53,SKU-00053,Estilo Remeras 053,Estilo,6,55916.19,37874.91,2025-06-23,,2025-06-23 19:31:22,Remeras,Ropa,53
54,SKU-00054,Pampa Camperas 054,Pampa,5,132170.57,81325.05,2025-05-29,,2025-05-29 09:39:55,Camperas,Ropa,54
55,SKU-00055,Río Gorras 055,Río,11,110639.03,69527.71,2025-06-05,,2025-06-05 18:37:13,Gorras,Accesorios,55
56,SKU-00056,Estilo Zapatillas 056,Estilo,8,11436.05,7536.52,2025-05-14,,2025-05-14 19:36:15,Zapatillas,Calzado,56
57,SKU-00057,Río Zapatillas 057,Río,8,67538.12,53167.27,2025-03-26,,2025-03-26 22:41:18,Zapatillas,Calzado,57
58,SKU-00058,Estilo Remeras 058,Estilo,6,78532.76,56286.26,2025-03-25,,2025-03-25 14:39:03,Remeras,Ropa,58
59,SKU-00059,Norte Pantalones 059,Norte,7,65964.72,51788.3,2025-06-23,,2025-06-23 06:20:10,Pantalones,Ropa,59
60,SKU-00060,Lago Botas 060,Lago,9,84450.9,46456.56,2025-03-15,,2025-03-15 07:39:09,Botas,Calzado,60
61,SKU-00061,Cordillera Mochilas 061,Cordillera,10,69058.97,49646.97,2025-05-11,,2025-05-11 17:13:41,Mochilas,Accesorios,61
62,SKU-00062,Pampa Pantalones 062,Pampa,7,46149.03,33041.02,2025-06-08,,2025-06-08 12:12:13,Pantalones,Ropa,62
63,SKU-00063,Estilo Zapatillas 063,Estilo,8,37572.9,22535.57,2025-01-07,,2025-01-07 01:40:57,Zapatillas,Calzado,63
64,SKU-00064,Pampa Wearables 064,Pampa,12,71035.34,54806.2,2025-05-28,,2025-05-28 07:04:45,Wearables,Electrónica,64
65,SKU-00065,Cordillera Gorras 065,Cordillera,11,62949.67,36944.71,2025-06-26,2025-08-29,2025-06-26 00:12:06,Gorras,Accesorios,65
66,SKU-00066,Norte Gorras 066,Norte,11,30503.57,24082.31,2025-05-13,,2025-05-13 16:54:49,Gorras,Accesorios,66
67,SKU-00067,Pampa Zapatillas 067,Pampa,8,71186.96,53415.43,2025-06-20,2025-08-13,2025-06-20 19:20:16,Zapatillas,Calzado,67
68,SKU-00068,Lago Wearables 068,Lago,12,125432.53,86168.13,2025-02-10,,2025-02-10 17:16:56,Wearables,Electrónica,68
69,SKU-00069,Estilo Zapatillas 069,Estilo,8,116042.98,78946.94,2025-06-10,,2025-06-10 08:42:38,Zapatillas,Calzado,69
70,SKU-00070,Estilo Remeras 070,Estilo,6,39001.57,24725.51,2025-05-19,,2025-05-19 02:56:01,Remeras,Ropa,70
71,SKU-00071,Lago Zapatillas 071,Lago,8,105622.72,76745.98,2025-01-17,,2025-01-17 15:06:17,Zapatillas,Calzado,71
72,SKU-00072,Lago Wearables 072,Lago,12,14028.53,10636.75,2025-04-10,2025-05-01,2025-04-10 21:15:56,Wearables,Electrónica,72
73,SKU-00073,Cordillera Gorras 073,Cordillera,11,5854.93,3735.09,2025-07-12,2025-08-23,2025-07-12 14:11:56,Gorras,Accesorios,73
74,SKU-00074,Cordillera Zapatillas 074,Cordillera,8,36816.14,24260.32,2025-01-08,,2025-01-08 14:09:28,Zapatillas,Calzado,74
75,SKU-00075,Sur Gorras 075,Sur,11,126873.32,98946.65,2025-06-09,,2025-06-09 19:26:48,Gorras,Accesorios,75
76,SKU-00076,Andina Gorras 076,Andina,11,17172.38,11284.89,2025-04-29,,2025-04-29 06:36:59,Gorras,Accesorios,76
77,SKU-00077,Río Gorras 077,Río,11,35690.74,22546.25,2025-07-14,,2025-07-14 13:48:12,Gorras,Accesorios,77
78,SKU-00078,Estilo Gorras 078,Estilo,11,126062.08,84156.11,2025-07-11,,2025-07-11 19:38:22,Gorras,Accesorios,78
79,SKU-00079,Norte Mochilas 079,Norte,10,99270.89,73987.42,2025-06-16,,2025-06-16 01:27:56,Mochilas,Accesorios,79
80,SKU-00080,Norte Zapatillas 080,Norte,8,126688.18,89357.47,2025-03-03,,2025-03-03 04:35:44,Zapatillas,Calzado,80
81,SKU-00081,Norte Remeras 081,Norte,6,72429.93,44476.39,2025-04-05,,2025-04-05 06:06:32,Remeras,Ropa,81
82,SKU-00082,Sur Remeras 082,Sur,6,144884.51,83601.94,2025-01-07,,2025-01-07 11:21:28,Remeras,Ropa,82
83,SKU-00083,Lago Gorras 083,Lago,11,141513.24,84848.85,2025-06-01,,2025-06-01 22:50:13,Gorras,Accesorios,83
84,SKU-00084,Pampa Botas 084,Pampa,9,120452.95,83291.18,2025-01-11,,2025-01-11 12:38:28,Botas,Calzado,84
85,SKU-00085,Pampa Mochilas 085,Pampa,10,78364.31,49785.46,2025-04-18,,2025-04-18 17:50:51,Mochilas,Accesorios,85
86,SKU-00086,Cordillera Mochilas 086,Cordillera,10,107559.75,70868.09,2025-07-07,2025-08-09,2025-07-07 18:59:46,Mochilas,Accesorios,86
87,SKU-00087,Cordillera Wearables 087,Cordillera,12,68158.3,49943.44,2025-03-10,2025-04-16,2025-03-10 11:44:05,Wearables,Electrónica,87
88,SKU-00088,Norte Wearables 088,Norte,12,113819.06,78815.42,2025-06-21,,2025-06-21 13:47:54,Wearables,Electrónica,88
89,SKU-00089,Río Wearables 089,Río,12,31366.78,18915.11,2025-07-24,,2025-07-24 09:24:22,Wearables,Electrónica,89
90,SKU-00090,Andina Botas 090,Andina,9,79910.95,47767.9,2025-03-03,,2025-03-03 14:47:51,Botas,Calzado,90
91,SKU-00091,Cordillera Zapatillas 091,Cordillera,8,98655.92,66366.36,2025-07-22,,2025-07-22 00:37:40,Zapatillas,Calzado,91
92,SKU-00092,Lago Zapatillas 092,Lago,8,105309.14,65981.6,2025-05-29,,2025-05-29 13:26:08,Zapatillas,Calzado,92
93,SKU-00093,Lago Mochilas 093,Lago,10,149511.56,102803.72,2025-04-01,,2025-04-01 16:31:13,Mochilas,Accesorios,93
94,SKU-00094,Norte Botas 094,Norte,9,22495.1,13455.36,2025-01-31,2025-08-11,2025-01-31 19:30:36,Botas,Calzado,94
95,SKU-00095,Norte Zapatillas 095,Norte,8,112097.67,69402.46,2025-05-31,,2025-05-31 19:06:05,Zapatillas,Calzado,95
96,SKU-00096,Norte Remeras 096,Norte,6,47955.74,30702.23,2025-03-19,,2025-03-19 00:30:54,Remeras,Ropa,96
97,SKU-00097,Estilo Pantalones 097,Estilo,7,11599.78,6538.0,2025-03-16,,2025-03-16 04:35:51,Pantalones,Ropa,97
98,SKU-00098,Pampa Wearables 098,Pampa,12,131544.36,91228.13,2025-05-01,,2025-05-01 17:25:46,Wearables,Electrónica,98
99,SKU-00099,Andina Pantalones 099,Andina,7,41609.37,31849.09,2025-01-30,,2025-01-30 02:22:44,Pantalones,Ropa,99
100,SKU-00100,Andina Remeras 100,Andina,6,27000.42,20325.52,2025-03-19,2025-05-03,2025-03-19 03:06:04,Remeras,Ropa,100
101,SKU-00101,Norte Gorras 101,Norte,11,117475.56,75782.84,2025-04-24,2025-07-02,2025-04-24 10:49:34,Gorras,Accesorios,101
102,SKU-00102,Pampa Camperas 102,Pampa,5,142400.58,85717.6,2025-02-24,,2025-02-24 09:38:07,Camperas,Ropa,102
103,SKU-00103,Norte Pantalones 103,Norte,7,30202.96,17178.43,2025-01-01,,2025-01-01 14:52:25,Pantalones,Ropa,103
104,SKU-00104,Estilo Wearables 104,Estilo,12,9732.78,6054.04,2025-03-14,,2025-03-14 16:31:50,Wearables,Electrónica,104
105,SKU-00105,Estilo Zapatillas 105,Estilo,8,119235.06,84211.49,2025-06-19,,2025-06-19 07:12:08,Zapatillas,Calzado,105
106,SKU-00106,Sur Zapatillas 106,Sur,8,136719.66,103450.0,2025-01-19,,2025-01-19 02:10:16,Zapatillas,Calzado,106
107,SKU-00107,Estilo Botas 107,Estilo,9,68677.25,45819.71,2025-03-19,2025-08-10,2025-03-19 14:39:17,Botas,Calzado,107
108,SKU-00108,Cordillera Wearables 108,Cordillera,12,16664.07,9331.3,2025-04-21,,2025-04-21 11:44:07,Wearables,Electrónica,108
109,SKU-00109,Pampa Camperas 109,Pampa,5,38194.04,27445.27,2025-05-28,2025-07-17,2025-05-28 21:22:35,Camperas,Ropa,109
110,SKU-00110,Sur Camperas 110,Sur,5,73222.62,52198.75,2025-03-13,2025-07-18,2025-03-13 06:36:28,Camperas,Ropa,110
111,SKU-00111,Pampa Wearables 111,Pampa,12,73151.51,47701.15,2025-03-24,2025-07-01,2025-03-24 03:48:30,Wearables,Electrónica,111
112,SKU-00112,Estilo Wearables 112,Estilo,12,101074.61,65709.93,2025-07-14,,2025-07-14 20:01:42,Wearables,Electrónica,112
113,SKU-00113,Río Remeras 113,Río,6,41597.83,24084.33,2025-07-17,2025-08-27,2025-07-17 14:42:56,Remeras,Ropa,113
114,SKU-00114,Lago Wearables 114,Lago,12,12859.59,8739.51,2025-06-09,,2025-06-09 18:08:58,Wearables,Electrónica,114
115,SKU-00115,Norte Camperas 115,Norte,5,43723.15,25479.81,2025-03-15,2025-08-01,2025-03-15 15:57:04,Camperas,Ropa,115
116,SKU-00116,Norte Camperas 116,Norte,5,107918.51,67739.1,2025-01-04,,2025-01-04 20:06:24,Camperas,Ropa,116
117,SKU-00117,Pampa Zapatillas 117,Pampa,8,71909.94,41662.22,2025-02-09,2025-05-10,2025-02-09 18:08:43,Zapatillas,Calzado,117
118,SKU-00118,Lago Botas 118,Lago,9,126034.97,100205.51,2025-03-04,,2025-03-04 16:37:51,Botas,Calzado,118
119,SKU-00119,Norte Gorras 119,Norte,11,138670.88,93888.54,2025-02-04,,2025-02-04 02:32:30,Gorras,Accesorios,119
120,SKU-00120,Río Gorras 120,Río,11,140466.02,95086.28,2025-07-30,,2025-07-30 00:05:36,Gorras,Accesorios,120
121,SKU-00121,Cordillera Botas 121,Cordillera,9,130462.79,86318.99,2025-05-04,,2025-05-04 12:33:56,Botas,Calzado,121
122,SKU-00122,Cordillera Gorras 122,Cordillera,11,140263.58,107638.33,2025-06-28,,2025-06-28 08:41:40,Gorras,Accesorios,122
123,SKU-00123,Lago Zapatillas 123,Lago,8,11328.86,8340.04,2025-06-30,,2025-06-30 13:52:48,Zapatillas,Calzado,123
124,SKU-00124,Cordillera Pantalones 124,Cordillera,7,144899.54,84268.01,2025-06-01,2025-08-11,2025-06-01 12:05:15,Pantalones,Ropa,124
125,SKU-00125,Andina Wearables 125,Andina,12,109754.35,71614.13,2025-06-17,,2025-06-17 05:37:12,Wearables,Electrónica,125
126,SKU-00126,Río Botas 126,Río,9,95372.61,61932.19,2025-01-21,2025-06-22,2025-01-21 11:57:45,Botas,Calzado,126
127,SKU-00127,Cordillera Mochilas 127,Cordillera,10,131495.54,73502.69,2025-01-18,,2025-01-18 08:32:51,Mochilas,Accesorios,127
128,SKU-00128,Norte Botas 128,Norte,9,113281.12,74594.81,2025-01-26,,2025-01-26 23:04:26,Botas,Calzado,128
129,SKU-00129,Cordillera Remeras 129,Cordillera,6,29122.89,18197.92,2025-01-08,,2025-01-08 01:40:28,Remeras,Ropa,129
130,SKU-00130,Estilo Camperas 130,Estilo,5,56977.18,37472.28,2025-03-04,,2025-03-04 19:20:21,Camperas,Ropa,130
131,SKU-00131,Sur Pantalones 131,Sur,7,30385.06,21341.64,2025-04-08,,2025-04-08 22:33:46,Pantalones,Ropa,131
132,SKU-00132,Sur Wearables 132,Sur,12,38667.32,27433.54,2025-04-28,,2025-04-28 09:17:46,Wearables,Electrónica,132
133,SKU-00133,Estilo Wearables 133,Estilo,12,103253.58,60867.36,2025-04-24,2025-06-17,2025-04-24 12:34:53,Wearables,Electrónica,133
134,SKU-00134,Estilo Gorras 134,Estilo,11,71241.19,44563.53,2025-04-09,,2025-04-09 17:35:35,Gorras,Accesorios,134
135,SKU-00135,Río Gorras 135,Río,11,88347.73,70516.77,2025-03-17,2025-07-11,2025-03-17 00:47:55,Gorras,Accesorios,135
136,SKU-00136,Andina Camperas 136,Andina,5,137039.46,100901.2,2025-03-15,,2025-03-15 08:22:42,Camperas,Ropa,136
137,SKU-00137,Norte Mochilas 137,Norte,10,97309.59,68624.94,2025-06-23,,2025-06-23 04:58:47,Mochilas,Accesorios,137
138,SKU-00138,Estilo Camperas 138,Estilo,5,119348.52,66637.19,2025-04-04,,2025-04-04 04:47:04,Camperas,Ropa,138
139,SKU-00139,Río Botas 139,Río,9,113384.73,67340.32,2025-02-03,2025-05-23,2025-02-03 19:38:21,Botas,Calzado,139
140,SKU-00140,Sur Botas 140,Sur,9,42260.66,31956.35,2025-05-04,,2025-05-04 10:44:44,Botas,Calzado,140
141,SKU-00141,Pampa Mochilas 141,Pampa,10,72908.05,41471.91,2025-07-13,2025-08-23,2025-07-13 08:12:51,Mochilas,Accesorios,141
142,SKU-00142,Pampa Mochilas 142,Pampa,10,119648.89,66223.22,2025-05-18,,2025-05-18 04:29:59,Mochilas,Accesorios,142
143,SKU-00143,Lago Botas 143,Lago,9,124250.51,97545.72,2025-01-28,,2025-01-28 08:30:47,Botas,Calzado,143
144,SKU-00144,Norte Mochilas 144,Norte,10,98909.6,70112.16,2025-04-29,,2025-04-29 11:00:08,Mochilas,Accesorios,144
145,SKU-00145,Sur Remeras 145,Sur,6,11575.29,6474.09,2025-05-07,,2025-05-07 04:13:40,Remeras,Ropa,145
146,SKU-00146,Lago Pantalones 146,Lago,7,70778.34,50792.07,2025-07-10,,2025-07-10 19:40:04,Pantalones,Ropa,146
147,SKU-00147,Lago Pantalones 147,Lago,7,99963.68,75814.78,2025-06-07,2025-07-27,2025-06-07 14:51:32,Pantalones,Ropa,147
148,SKU-00148,Norte Mochilas 148,Norte,10,69290.55,54575.92,2025-04-03,2025-07-21,2025-04-03 03:37:02,Mochilas,Accesorios,148
149,SKU-00149,Andina Mochilas 149,Andina,10,62730.25,37478.32,2025-02-01,,2025-02-01 16:33:20,Mochilas,Accesorios,149
150,SKU-00150,Andina Zapatillas 150,Andina,8,12333.88,7812.0,2025-02-02,,2025-02-02 20:33:20,Zapatillas,Calzado,150
